11,pbkdf2_sha256$320000$UZwCleCEiJ1wzma14w301l$xYfngSl1JGdKwjizuzTF5JkamJifWOGLb8F4++Tw64U=,,f,assurednide,Summer,Lara,assurednide@example.com,f,t,2022-06-23 19:24:22-07,,""
19,pbkdf2_sha256$320000$HhfcayeOcPA9PxVj2TLJxt$nStgbAVm8qOd59YXho6huQRqmAl9UjswWl96dhqdfLQ=,2022-06-26 01:34:26.700994-07,f,finickygulp,Kirsten,Green,finickygulp@example.com,f,t,2022-06-23 19:24:23.700094-07,,""
4,pbkdf2_sha256$320000$coQRQjQAEdUHeyZPLhsrin$Xx+dMvZsBqt98hRAEpqIhA9Cp6ww6aDL4xthGO+4mKE=,2022-10-18 11:59:11.205032-07,t,webucator,Webu,Cator,webucator@example.com,t,t,2022-06-22 16:59:25-07,,""
1,pbkdf2_sha256$320000$bNssgdd0Yg9DTi5Poh2biA$/PvTJ6XWpR9AjKPsY5NRCLdFJRpRKB2g0myIFkh0xKI=,2022-10-19 11:07:36.158493-07,t,ryanl,Ryan,Levee,ryanlevee@gmail.com,t,t,2022-06-18 23:25:46-07,1986-07-04,avatars/guybrush_web-200x200max.jpeg
12,pbkdf2_sha256$320000$9N5nCGby0AknW7pzzSOzZX$tbn6lpo6NOl6Nh42bL//CdkCx8QaxLBQUgP5b+ugnwo=,,f,boorishdossier,Elliot,Day,boorishdossier@example.com,f,t,2022-06-23 19:24:22.593427-07,,""
13,pbkdf2_sha256$320000$oU8nL8HRP5rLAJfUcUYVNF$7E0HF4RhbHdXFYv8lM6mbVYbJ8acQRjYXL4mCQuJFPM=,,f,bothpantheon,Clayton,Zimmerman,bothpantheon@example.com,f,t,2022-06-23 19:24:22.75246-07,,""
14,pbkdf2_sha256$320000$KWrCriwSh7HQTKMN43fEfU$LnGKq1rpHjbxyaAM0SELLFSZ2a9hUTyyb67i+5U9m4Q=,,f,candidgulp,Ramon,Moses,candidgulp@example.com,f,t,2022-06-23 19:24:22.910072-07,,""
15,pbkdf2_sha256$320000$e4mDWX9p9eZ2dxOoon6EuM$lmkwqn5HvA2UoObEn8xg8pnS1Bt74/gxPUzh3lQymM8=,,f,chubbycompany,Philip,Dodson,chubbycompany@example.com,f,t,2022-06-23 19:24:23.070119-07,,""
16,pbkdf2_sha256$320000$qlwYO2oKEHrNW4Ims17SIw$MYpYF2DaSDD1ygRCkF8HK+0J0dXzV4qQtVK1zWshtkE=,,f,crowdedcolony,Raphael,Ferguson,crowdedcolony@example.com,f,t,2022-06-23 19:24:23.2396-07,,""
18,pbkdf2_sha256$320000$GFMFy6uPes6yEAHLOf4Orj$MXQVg+WhwnD4neKsqba6h6cT6rvq0Wjst6fQhHgN7eg=,,f,easypassel,Roselyn,Ho,easypassel@example.com,f,t,2022-06-23 19:24:23.555946-07,,""
3,pbkdf2_sha256$320000$3kmnCi7VydBDkp98rU60K8$x9352ugj4kqHAzktVoWcLsWzBgSKsgymYxFG9fhgGWQ=,2022-10-22 13:18:03.681147-07,t,bluedogggo,Blue,Barry,bluedogggo@gmail.com,t,t,2022-06-19 06:21:10-07,2016-06-15,""
17,pbkdf2_sha256$320000$tp3QzpVAdui6iN4VnuOrI1$aT1c0n5zi5if5jp3XNYRn/LxwuWSNRtdjwCPl+9HYU8=,2022-10-18 11:56:01.672728-07,f,dapperfollowing,Harry,Ortega,dapperfollowing@example.com,f,t,2022-06-23 19:24:23.396676-07,,""
6,pbkdf2_sha256$320000$GsQgnRslrzsmnKZtCExFyk$ZpqJDGUM6lzkb6p/X1XtHOkkWtTCZ8peRuwpHexlEWM=,,f,lankygalaxy,Matteo,Melendez,boorishdossier@example.com,f,t,2022-06-23 19:09:00.400496-07,,""
7,pbkdf2_sha256$320000$UMCkfiq6ES0imeHhoF7FRl$ah/hCvItV/6ZsFn5QWiqly6o6Gv886To0vv+1ZoyZPs=,,f,abackaurora,Shirley,Graham,bothpantheon@example.com,f,t,2022-06-23 19:24:21.720748-07,,""
8,pbkdf2_sha256$320000$TR3oLswSoZVH1vcuwBLZhj$6FO0tsnLt3iIv7EfhQCmqNee+yi7Po5Uvq+GwQ1Jv8I=,,f,anchoredsord,Tyree,Baxter,anchoredsord@example.com,f,t,2022-06-23 19:24:21-07,,""
9,pbkdf2_sha256$320000$HxoQsVUU7NpV8Tw5WvXz29$r7XoG5LjACtdoTa45mzdvKaYUQdSbCuQiW6WZZtgUdI=,,f,befittingstalk,Maliyah,Gould,befittingstalk@example.com,f,t,2022-06-23 19:24:22-07,,""
10,pbkdf2_sha256$320000$oGn7W1JbPNTAjaXKOnCVnC$wzn/iIwLZme3sZPbv1Yyof+zkLnH1bEDYE7qnjS0Fjw=,,f,blaringjam,German,Meadows,blaringjam@example.com,f,t,2022-06-23 19:24:22-07,,""
20,pbkdf2_sha256$320000$LmmhfS1C62ZJ1AeUGUOffX$tKF8LUnLOXpW34IvL4ElcvknkUpF99Lbr43F9SkF0ok=,,f,foolhardydiligence,Lainey,Burton,foolhardydiligence@example.com,f,t,2022-06-23 19:24:23.858913-07,,""
21,pbkdf2_sha256$320000$VjbLtgVxFt31MmvJ3NDvyU$JVQD9YbJRb3EmjMQbgaKYhUVBbbf1plg0Ym2hoUva4o=,,f,fortunateunkindness,German,Lane,fortunateunkindness@example.com,f,t,2022-06-23 19:24:24.031417-07,,""
22,pbkdf2_sha256$320000$HG2PFwMgnccb7SxCG94VxV$6Y/5l04U2QN4vDWLWcjKgH/HzmfuYlHxBo0qwD5JK8w=,,f,giftedhug,Malia,Rivera,giftedhug@example.com,f,t,2022-06-23 19:24:24.19565-07,,""
23,pbkdf2_sha256$320000$F3Pg2sK3L7Xu8k2mSblBFB$LCut49dUKpATHG7jK4qb7E5VYTc26jDa9UKc4fZLK1k=,,f,glutinoussafe,Jocelyn,Mcfarland,glutinoussafe@example.com,f,t,2022-06-23 19:24:24.399633-07,,""
25,pbkdf2_sha256$320000$AWjGgvqu9opiL5bNsWvG9f$As1fs4YuVejIT04DV2zbev3tP8mi3vfMxjhXMAB5sdk=,,f,judiciousconverting,Mikaela,Stephens,judiciousconverting@example.com,f,t,2022-06-23 19:24:24.734187-07,,""
26,pbkdf2_sha256$320000$DND4j1u3TfN9ESMgcuZUhS$qqcfgsR9EqQToI30cT3LNxL6zLCH5Nmfu4pda5zJScI=,,f,lyricalgroup,Franco,Blankenship,lyricalgroup@example.com,f,t,2022-06-23 19:24:24.901403-07,,""
27,pbkdf2_sha256$320000$Xe2VqPqZY2WmeVKTuiYpts$rxVTM4C8Za3Tm6yVF1BGJQAh2CkhCVTMDdTdiaGLfbk=,,f,motherlychoir,Brennen,Stuart,motherlychoir@example.com,f,t,2022-06-23 19:24:25.051077-07,,""
28,pbkdf2_sha256$320000$Hcba9W2rbdsStKXZZKpnU3$Eub2oYOqKgtxHWxcuZxQvOjklYx0P+QhglK40cHMHC0=,,f,nocturnaltrogle,Vaughn,Noble,nocturnaltrogle@example.com,f,t,2022-06-23 19:24:25.213678-07,,""
29,pbkdf2_sha256$320000$GEwmuyab7z8PtcISwNJQi9$ch9bfk0cO4+emuaEUHQocJIpfKwNwiGcN02FK0wn8pg=,,f,pluckywealth,Marley,Mclaughlin,pluckywealth@example.com,f,t,2022-06-23 19:24:25.392506-07,,""
30,pbkdf2_sha256$320000$W9t7VtEaabTTG7xF7lRlKc$FimSoJSzXzoPoeYIKHke5YPmDKOKlTjecdRbgpnL37M=,,f,resonantgrist,Crystal,Barber,resonantgrist@example.com,f,t,2022-06-23 19:24:25.543088-07,,""
31,pbkdf2_sha256$320000$O4UsRtRd6ybyidYxMiyLRE$sfYICYaTB66K1Qevnt3BkzUS4kcnV4X6OeFBgkNo4QU=,,f,sarcasticflotilla,Karson,Lin,sarcasticflotilla@example.com,f,t,2022-06-23 19:24:25.707327-07,,""
32,pbkdf2_sha256$320000$lRQqSruoCkj0LNXpaHOZDy$b1clG1cTAKUbGXt/Y0G+JXqkLtwjtCMh5jCRuURRTwM=,,f,showygoring,Kadyn,Dixon,showygoring@example.com,f,t,2022-06-23 19:24:25.864632-07,,""
33,pbkdf2_sha256$320000$jwrDRIgpaQGsrqL6gKttjs$mLNwEeR8m+rYgBd5KP12/ImXxvhopK42NlIGSfhZPo8=,,f,sorrowfulmew,Bailey,Ramos,sorrowfulmew@example.com,f,t,2022-06-23 19:24:26.021718-07,,""
37,pbkdf2_sha256$320000$yxlGapt9d1ZaeQ7oCQ98qV$AkqiIH78wz4wFPiI3RR5OxaqOdAGq35nU+ieVO3BYhc=,,f,superbparade,Natalee,Michaels,superbparade@example.com,f,t,2022-06-23 19:24:26-07,,""
24,pbkdf2_sha256$320000$CeMvSOXt940NbAAt1Mkc3V$3dyRLwiQ1PjTdaOyI1s6Kex1aqFNJwO0c6pMw1aHMrg=,2022-06-26 01:14:08.300445-07,f,gorgeoussloth,Alvin,Mendoza,gorgeoussloth@example.com,f,t,2022-06-23 19:24:24.571945-07,,""
34,pbkdf2_sha256$320000$NWyLrCPFi368U9yO8CqndJ$MNX8FZlHKW6pd6Vq766yPiH0LRlUblpjW9RtxBnKOXo=,,f,steadfastrange,Nathanial,Lee,steadfastrange@example.com,f,t,2022-06-23 19:24:26.192347-07,,""
35,pbkdf2_sha256$320000$fL1RyM3MJNz3rM4KygBERq$6sUI7DUpRp57UEY6MnJsOH6V+y90z5JT1yEliOwrUnc=,,f,steelmuster,Skyler,Wilkinson,steelmuster@example.com,f,t,2022-06-23 19:24:26.348436-07,,""
36,pbkdf2_sha256$320000$AG7dlxuXfnM0QUrEIls2HW$9uzfhmpxypnGp7Qb8KrgsZYTJbXKAZwKwfzPxTpIPEU=,,f,stupendouscast,Jovani,Wood,stupendouscast@example.com,f,t,2022-06-23 19:24:26.505007-07,,""
38,pbkdf2_sha256$320000$2ldRQjkgpz1vgM42xUzFba$xtqMoshhVE9RnC1GBomWh7hEKVraXDkaYGdOQImen2Q=,,f,thriftybale,Mariela,Mcclain,thriftybale@example.com,f,t,2022-06-23 19:24:26.826193-07,,""
39,pbkdf2_sha256$320000$DvLkPhOxLbXt8ESUMRZpd5$nJEURX4RmjOHQRiY60ZrdWNcvpg0VswLKCqCrwTT0Lg=,,f,tranquilrasp,Alfred,Humphrey,tranquilrasp@example.com,f,t,2022-06-23 19:24:26.995861-07,,""
40,pbkdf2_sha256$320000$WWjD3fzt6AfeYX46lj0FZ6$lhE4eCgLccfVVwyhz7NITlzx0OevywjnzbGqDaGCwSs=,,f,unknownbind,Alexis,Baxter,unknownbind@example.com,f,t,2022-06-23 19:24:27.164264-07,,""
